{
  "id": "4cf27b5e-fbcc-4725-ab9e-bfc04d12535f",
  "generation": 15,
  "iteration": 0,
  "current_iteration": 22,
  "metrics": {
    "validity": 1.0,
    "sum_radii": 1.8294341311062956,
    "target_ratio": 0.6942824026968865,
    "combined_score": 0.6942824026968865,
    "eval_time": 0.15712404251098633
  },
  "language": "python",
  "timestamp": 1753774782.104195,
  "saved_at": "2025-07-29 15:41:19"
}