{
  "id": "91d60f27-7ec2-493f-a60c-0d75d930e76b",
  "generation": 3,
  "iteration": 0,
  "current_iteration": 10,
  "metrics": {
    "validity": 1.0,
    "sum_radii": 1.848878219092213,
    "target_ratio": 0.7016615632228513,
    "combined_score": 0.7016615632228513,
    "eval_time": 0.24370789527893066
  },
  "language": "python",
  "timestamp": 1754746303.2195132,
  "saved_at": "2025-08-09 21:32:37"
}