{
  "id": "bd0c36a0-7fd2-4194-b9ce-63c17ec52151",
  "generation": 4,
  "iteration": 0,
  "current_iteration": 10,
  "metrics": {
    "validity": 1.0,
    "sum_radii": 1.706529246419209,
    "target_ratio": 0.6476391827017871,
    "combined_score": 0.6476391827017871,
    "eval_time": 0.17247891426086426
  },
  "language": "python",
  "timestamp": 1753774642.597701,
  "saved_at": "2025-07-29 15:38:32"
}