{
  "id": "0173ece4-a6a0-42d2-be08-8a41ae864c69",
  "generation": 3,
  "iteration": 0,
  "current_iteration": 4,
  "metrics": {
    "validity": 1.0,
    "sum_radii": 1.8161510656943365,
    "target_ratio": 0.689241391155346,
    "combined_score": 0.689241391155346,
    "eval_time": 0.12735629081726074
  },
  "language": "python",
  "timestamp": 1754460674.3435478,
  "saved_at": "2025-08-06 14:11:14"
}