{
  "id": "4aa86dcc-7a15-47bf-9080-c321b82ad834",
  "generation": 31,
  "iteration": 0,
  "current_iteration": 42,
  "metrics": {
    "validity": 1.0,
    "sum_radii": 1.9103635208899892,
    "target_ratio": 0.724995643601514,
    "combined_score": 0.724995643601514,
    "eval_time": 0.1562941074371338
  },
  "language": "python",
  "timestamp": 1753933605.894847,
  "saved_at": "2025-07-31 11:48:13"
}