{
  "id": "6d7b08c2-2f99-4cff-b12b-0eecdd3ae179",
  "generation": 1,
  "iteration": 0,
  "current_iteration": 2,
  "metrics": {
    "validity": 1.0,
    "sum_radii": 1.3483367560625057,
    "target_ratio": 0.5117027537239112,
    "combined_score": 0.5117027537239112,
    "eval_time": 0.21539878845214844
  },
  "language": "python",
  "timestamp": 1754746244.488018,
  "saved_at": "2025-08-09 21:31:23"
}