{
  "id": "0e621949-cc21-48a4-8097-5b3069d84f24",
  "generation": 2,
  "iteration": 0,
  "current_iteration": 4,
  "metrics": {
    "validity": 1.0,
    "sum_radii": 1.7421376991374595,
    "target_ratio": 0.6611528269971384,
    "combined_score": 0.6611528269971384,
    "eval_time": 0.3974590301513672
  },
  "language": "python",
  "timestamp": 1753781281.230336,
  "saved_at": "2025-07-29 17:28:10"
}