{
  "id": "01902e14-ccf4-41c0-9d08-fa6c54c00f53",
  "generation": 85,
  "iteration": 0,
  "current_iteration": 246,
  "metrics": {
    "validity": 1.0,
    "sum_radii": 1.8732101100303595,
    "target_ratio": 0.7108956774308766,
    "combined_score": 0.7108956774308766,
    "eval_time": 0.1318647861480713
  },
  "language": "python",
  "timestamp": 1753959705.080035,
  "saved_at": "2025-07-31 19:30:31"
}