{
  "id": "38b858ef-91fb-42e9-9db2-d5d302ebd181",
  "generation": 4,
  "iteration": 0,
  "current_iteration": 6,
  "metrics": {
    "validity": 1.0,
    "sum_radii": 1.8646107736989759,
    "target_ratio": 0.7076321721817745,
    "combined_score": 0.7076321721817745,
    "eval_time": 0.0951089859008789
  },
  "language": "python",
  "timestamp": 1754745899.799809,
  "saved_at": "2025-08-09 21:25:15"
}