{
  "id": "a5ca4701-4f39-42b1-a21a-ff22b9d82473",
  "generation": 10,
  "iteration": 0,
  "current_iteration": 14,
  "metrics": {
    "validity": 1.0,
    "sum_radii": 1.8294341311062956,
    "target_ratio": 0.6942824026968865,
    "combined_score": 0.6942824026968865,
    "eval_time": 0.39603400230407715
  },
  "language": "python",
  "timestamp": 1753774721.261333,
  "saved_at": "2025-07-29 15:39:20"
}